drug_id,smiles
Imatinib_1,CC1=C(C=C(C=C1)NC(=O)C2=CC=C(C=C2)CN3CCN(CC3)C)NC4=NC=CC(=N4)C5=CN=CC=C5
Imatinib_2,CC1=C(C=C(C=C1)NC(=O)C2=CC=C(C=C2)CN3CCN(CC3)C)NC4=NC=CC(=N4)C5=CN=CC=C5
Imatinib_3,CC1=C(C=C(C=C1)NC(=O)C2=CC=C(C=C2)CN3CCN(CC3)C)NC4=NC=CC(=N4)C5=CN=CC=C5
Imatinib_4,CC1=C(C=C(C=C1)NC(=O)C2=CC=C(C=C2)CN3CCN(CC3)C)NC4=NC=CC(=N4)C5=CN=CC=C5
Imatinib_5,CC1=C(C=C(C=C1)NC(=O)C2=CC=C(C=C2)CN3CCN(CC3)C)NC4=NC=CC(=N4)C5=CN=CC=C5
Nilotinib_6,CC1=C(C=C(C=C1)NC(=O)C2=CC=C(C=C2)CN3CCN(CC3)C)NC4=NC=CC(=N4)C5=CN=CC=C5
Nilotinib_7,CC1=C(C=C(C=C1)NC(=O)C2=CC=C(C=C2)CN3CCN(CC3)C)NC4=NC=CC(=N4)C5=CN=CC=C5
Nilotinib_8,CC1=C(C=C(C=C1)NC(=O)C2=CC=C(C=C2)CN3CCN(CC3)C)NC4=NC=CC(=N4)C5=CN=CC=C5
Nilotinib_9,CC1=C(C=C(C=C1)NC(=O)C2=CC=C(C=C2)CN3CCN(CC3)C)NC4=NC=CC(=N4)C5=CN=CC=C5
Nilotinib_10,CC1=C(C=C(C=C1)NC(=O)C2=CC=C(C=C2)CN3CCN(CC3)C)NC4=NC=CC(=N4)C5=CN=CC=C5
Imatinib_11,CC1=C(C=C(C=C1)NC(=O)C2=CC=C(C=C2)CN3CCN(CC3)C)NC4=NC=CC(=N4)C5=CN=CC=C5
Imatinib_12,CC1=C(C=C(C=C1)NC(=O)C2=CC=C(C=C2)CN3CCN(CC3)C)NC4=NC=CC(=N4)C5=CN=CC=C5
Imatinib_13,CC1=C(C=C(C=C1)NC(=O)C2=CC=C(C=C2)CN3CCN(CC3)C)NC4=NC=CC(=N4)C5=CN=CC=C5
Imatinib_14,CC1=C(C=C(C=C1)NC(=O)C2=CC=C(C=C2)CN3CCN(CC3)C)NC4=NC=CC(=N4)C5=CN=CC=C5
Imatinib_15,CC1=C(C=C(C=C1)NC(=O)C2=CC=C(C=C2)CN3CCN(CC3)C)NC4=NC=CC(=N4)C5=CN=CC=C5
Nilotinib_16,CC1=C(C=C(C=C1)NC(=O)C2=CC=C(C=C2)CN3CCN(CC3)C)NC4=NC=CC(=N4)C5=CN=CC=C5
Nilotinib_17,CC1=C(C=C(C=C1)NC(=O)C2=CC=C(C=C2)CN3CCN(CC3)C)NC4=NC=CC(=N4)C5=CN=CC=C5
Nilotinib_18,CC1=C(C=C(C=C1)NC(=O)C2=CC=C(C=C2)CN3CCN(CC3)C)NC4=NC=CC(=N4)C5=CN=CC=C5
Nilotinib_19,CC1=C(C=C(C=C1)NC(=O)C2=CC=C(C=C2)CN3CCN(CC3)C)NC4=NC=CC(=N4)C5=CN=CC=C5
Nilotinib_20,CC1=C(C=C(C=C1)NC(=O)C2=CC=C(C=C2)CN3CCN(CC3)C)NC4=NC=CC(=N4)C5=CN=CC=C5
Imatinib_21,CC1=C(C=C(C=C1)NC(=O)C2=CC=C(C=C2)CN3CCN(CC3)C)NC4=NC=CC(=N4)C5=CN=CC=C5
Imatinib_22,CC1=C(C=C(C=C1)NC(=O)C2=CC=C(C=C2)CN3CCN(CC3)C)NC4=NC=CC(=N4)C5=CN=CC=C5
Imatinib_23,CC1=C(C=C(C=C1)NC(=O)C2=CC=C(C=C2)CN3CCN(CC3)C)NC4=NC=CC(=N4)C5=CN=CC=C5
Imatinib_24,CC1=C(C=C(C=C1)NC(=O)C2=CC=C(C=C2)CN3CCN(CC3)C)NC4=NC=CC(=N4)C5=CN=CC=C5
Imatinib_25,CC1=C(C=C(C=C1)NC(=O)C2=CC=C(C=C2)CN3CCN(CC3)C)NC4=NC=CC(=N4)C5=CN=CC=C5
Nilotinib_26,CC1=C(C=C(C=C1)NC(=O)C2=CC=C(C=C2)CN3CCN(CC3)C)NC4=NC=CC(=N4)C5=CN=CC=C5
Nilotinib_27,CC1=C(C=C(C=C1)NC(=O)C2=CC=C(C=C2)CN3CCN(CC3)C)NC4=NC=CC(=N4)C5=CN=CC=C5
Nilotinib_28,CC1=C(C=C(C=C1)NC(=O)C2=CC=C(C=C2)CN3CCN(CC3)C)NC4=NC=CC(=N4)C5=CN=CC=C5
Nilotinib_29,CC1=C(C=C(C=C1)NC(=O)C2=CC=C(C=C2)CN3CCN(CC3)C)NC4=NC=CC(=N4)C5=CN=CC=C5
Nilotinib_30,CC1=C(C=C(C=C1)NC(=O)C2=CC=C(C=C2)CN3CCN(CC3)C)NC4=NC=CC(=N4)C5=CN=CC=C5
Imatinib_31,CC1=C(C=C(C=C1)NC(=O)C2=CC=C(C=C2)CN3CCN(CC3)C)NC4=NC=CC(=N4)C5=CN=CC=C5
Imatinib_32,CC1=C(C=C(C=C1)NC(=O)C2=CC=C(C=C2)CN3CCN(CC3)C)NC4=NC=CC(=N4)C5=CN=CC=C5
Imatinib_33,CC1=C(C=C(C=C1)NC(=O)C2=CC=C(C=C2)CN3CCN(CC3)C)NC4=NC=CC(=N4)C5=CN=CC=C5
Imatinib_34,CC1=C(C=C(C=C1)NC(=O)C2=CC=C(C=C2)CN3CCN(CC3)C)NC4=NC=CC(=N4)C5=CN=CC=C5
Imatinib_35,CC1=C(C=C(C=C1)NC(=O)C2=CC=C(C=C2)CN3CCN(CC3)C)NC4=NC=CC(=N4)C5=CN=CC=C5
Nilotinib_36,CC1=C(C=C(C=C1)NC(=O)C2=CC=C(C=C2)CN3CCN(CC3)C)NC4=NC=CC(=N4)C5=CN=CC=C5
Nilotinib_37,CC1=C(C=C(C=C1)NC(=O)C2=CC=C(C=C2)CN3CCN(CC3)C)NC4=NC=CC(=N4)C5=CN=CC=C5
Nilotinib_38,CC1=C(C=C(C=C1)NC(=O)C2=CC=C(C=C2)CN3CCN(CC3)C)NC4=NC=CC(=N4)C5=CN=CC=C5
Nilotinib_39,CC1=C(C=C(C=C1)NC(=O)C2=CC=C(C=C2)CN3CCN(CC3)C)NC4=NC=CC(=N4)C5=CN=CC=C5
Nilotinib_40,CC1=C(C=C(C=C1)NC(=O)C2=CC=C(C=C2)CN3CCN(CC3)C)NC4=NC=CC(=N4)C5=CN=CC=C5
Imatinib_41,CC1=C(C=C(C=C1)NC(=O)C2=CC=C(C=C2)CN3CCN(CC3)C)NC4=NC=CC(=N4)C5=CN=CC=C5
Imatinib_42,CC1=C(C=C(C=C1)NC(=O)C2=CC=C(C=C2)CN3CCN(CC3)C)NC4=NC=CC(=N4)C5=CN=CC=C5
Imatinib_43,CC1=C(C=C(C=C1)NC(=O)C2=CC=C(C=C2)CN3CCN(CC3)C)NC4=NC=CC(=N4)C5=CN=CC=C5
Imatinib_44,CC1=C(C=C(C=C1)NC(=O)C2=CC=C(C=C2)CN3CCN(CC3)C)NC4=NC=CC(=N4)C5=CN=CC=C5
Imatinib_45,CC1=C(C=C(C=C1)NC(=O)C2=CC=C(C=C2)CN3CCN(CC3)C)NC4=NC=CC(=N4)C5=CN=CC=C5
Nilotinib_46,CC1=C(C=C(C=C1)NC(=O)C2=CC=C(C=C2)CN3CCN(CC3)C)NC4=NC=CC(=N4)C5=CN=CC=C5
Nilotinib_47,CC1=C(C=C(C=C1)NC(=O)C2=CC=C(C=C2)CN3CCN(CC3)C)NC4=NC=CC(=N4)C5=CN=CC=C5
Nilotinib_48,CC1=C(C=C(C=C1)NC(=O)C2=CC=C(C=C2)CN3CCN(CC3)C)NC4=NC=CC(=N4)C5=CN=CC=C5
Nilotinib_49,CC1=C(C=C(C=C1)NC(=O)C2=CC=C(C=C2)CN3CCN(CC3)C)NC4=NC=CC(=N4)C5=CN=CC=C5
Nilotinib_50,CC1=C(C=C(C=C1)NC(=O)C2=CC=C(C=C2)CN3CCN(CC3)C)NC4=NC=CC(=N4)C5=CN=CC=C5
Imatinib_51,CC1=C(C=C(C=C1)NC(=O)C2=CC=C(C=C2)CN3CCN(CC3)C)NC4=NC=CC(=N4)C5=CN=CC=C5
Imatinib_52,CC1=C(C=C(C=C1)NC(=O)C2=CC=C(C=C2)CN3CCN(CC3)C)NC4=NC=CC(=N4)C5=CN=CC=C5
Imatinib_53,CC1=C(C=C(C=C1)NC(=O)C2=CC=C(C=C2)CN3CCN(CC3)C)NC4=NC=CC(=N4)C5=CN=CC=C5
Imatinib_54,CC1=C(C=C(C=C1)NC(=O)C2=CC=C(C=C2)CN3CCN(CC3)C)NC4=NC=CC(=N4)C5=CN=CC=C5
Imatinib_55,CC1=C(C=C(C=C1)NC(=O)C2=CC=C(C=C2)CN3CCN(CC3)C)NC4=NC=CC(=N4)C5=CN=CC=C5
Nilotinib_56,CC1=C(C=C(C=C1)NC(=O)C2=CC=C(C=C2)CN3CCN(CC3)C)NC4=NC=CC(=N4)C5=CN=CC=C5
Nilotinib_57,CC1=C(C=C(C=C1)NC(=O)C2=CC=C(C=C2)CN3CCN(CC3)C)NC4=NC=CC(=N4)C5=CN=CC=C5
Nilotinib_58,CC1=C(C=C(C=C1)NC(=O)C2=CC=C(C=C2)CN3CCN(CC3)C)NC4=NC=CC(=N4)C5=CN=CC=C5
Nilotinib_59,CC1=C(C=C(C=C1)NC(=O)C2=CC=C(C=C2)CN3CCN(CC3)C)NC4=NC=CC(=N4)C5=CN=CC=C5
Nilotinib_60,CC1=C(C=C(C=C1)NC(=O)C2=CC=C(C=C2)CN3CCN(CC3)C)NC4=NC=CC(=N4)C5=CN=CC=C5
Imatinib_61,CC1=C(C=C(C=C1)NC(=O)C2=CC=C(C=C2)CN3CCN(CC3)C)NC4=NC=CC(=N4)C5=CN=CC=C5
Imatinib_62,CC1=C(C=C(C=C1)NC(=O)C2=CC=C(C=C2)CN3CCN(CC3)C)NC4=NC=CC(=N4)C5=CN=CC=C5
Imatinib_63,CC1=C(C=C(C=C1)NC(=O)C2=CC=C(C=C2)CN3CCN(CC3)C)NC4=NC=CC(=N4)C5=CN=CC=C5
Imatinib_64,CC1=C(C=C(C=C1)NC(=O)C2=CC=C(C=C2)CN3CCN(CC3)C)NC4=NC=CC(=N4)C5=CN=CC=C5
Imatinib_65,CC1=C(C=C(C=C1)NC(=O)C2=CC=C(C=C2)CN3CCN(CC3)C)NC4=NC=CC(=N4)C5=CN=CC=C5
Nilotinib_66,CC1=C(C=C(C=C1)NC(=O)C2=CC=C(C=C2)CN3CCN(CC3)C)NC4=NC=CC(=N4)C5=CN=CC=C5
Nilotinib_67,CC1=C(C=C(C=C1)NC(=O)C2=CC=C(C=C2)CN3CCN(CC3)C)NC4=NC=CC(=N4)C5=CN=CC=C5
Nilotinib_68,CC1=C(C=C(C=C1)NC(=O)C2=CC=C(C=C2)CN3CCN(CC3)C)NC4=NC=CC(=N4)C5=CN=CC=C5
Nilotinib_69,CC1=C(C=C(C=C1)NC(=O)C2=CC=C(C=C2)CN3CCN(CC3)C)NC4=NC=CC(=N4)C5=CN=CC=C5
Nilotinib_70,CC1=C(C=C(C=C1)NC(=O)C2=CC=C(C=C2)CN3CCN(CC3)C)NC4=NC=CC(=N4)C5=CN=CC=C5
Imatinib_71,CC1=C(C=C(C=C1)NC(=O)C2=CC=C(C=C2)CN3CCN(CC3)C)NC4=NC=CC(=N4)C5=CN=CC=C5
Imatinib_72,CC1=C(C=C(C=C1)NC(=O)C2=CC=C(C=C2)CN3CCN(CC3)C)NC4=NC=CC(=N4)C5=CN=CC=C5
Imatinib_73,CC1=C(C=C(C=C1)NC(=O)C2=CC=C(C=C2)CN3CCN(CC3)C)NC4=NC=CC(=N4)C5=CN=CC=C5
Imatinib_74,CC1=C(C=C(C=C1)NC(=O)C2=CC=C(C=C2)CN3CCN(CC3)C)NC4=NC=CC(=N4)C5=CN=CC=C5
Imatinib_75,CC1=C(C=C(C=C1)NC(=O)C2=CC=C(C=C2)CN3CCN(CC3)C)NC4=NC=CC(=N4)C5=CN=CC=C5
Nilotinib_76,CC1=C(C=C(C=C1)NC(=O)C2=CC=C(C=C2)CN3CCN(CC3)C)NC4=NC=CC(=N4)C5=CN=CC=C5
Nilotinib_77,CC1=C(C=C(C=C1)NC(=O)C2=CC=C(C=C2)CN3CCN(CC3)C)NC4=NC=CC(=N4)C5=CN=CC=C5
Nilotinib_78,CC1=C(C=C(C=C1)NC(=O)C2=CC=C(C=C2)CN3CCN(CC3)C)NC4=NC=CC(=N4)C5=CN=CC=C5
Nilotinib_79,CC1=C(C=C(C=C1)NC(=O)C2=CC=C(C=C2)CN3CCN(CC3)C)NC4=NC=CC(=N4)C5=CN=CC=C5
Nilotinib_80,CC1=C(C=C(C=C1)NC(=O)C2=CC=C(C=C2)CN3CCN(CC3)C)NC4=NC=CC(=N4)C5=CN=CC=C5
Imatinib_81,CC1=C(C=C(C=C1)NC(=O)C2=CC=C(C=C2)CN3CCN(CC3)C)NC4=NC=CC(=N4)C5=CN=CC=C5
Imatinib_82,CC1=C(C=C(C=C1)NC(=O)C2=CC=C(C=C2)CN3CCN(CC3)C)NC4=NC=CC(=N4)C5=CN=CC=C5
Imatinib_83,CC1=C(C=C(C=C1)NC(=O)C2=CC=C(C=C2)CN3CCN(CC3)C)NC4=NC=CC(=N4)C5=CN=CC=C5
Imatinib_84,CC1=C(C=C(C=C1)NC(=O)C2=CC=C(C=C2)CN3CCN(CC3)C)NC4=NC=CC(=N4)C5=CN=CC=C5
Imatinib_85,CC1=C(C=C(C=C1)NC(=O)C2=CC=C(C=C2)CN3CCN(CC3)C)NC4=NC=CC(=N4)C5=CN=CC=C5
Nilotinib_86,CC1=C(C=C(C=C1)NC(=O)C2=CC=C(C=C2)CN3CCN(CC3)C)NC4=NC=CC(=N4)C5=CN=CC=C5
Nilotinib_87,CC1=C(C=C(C=C1)NC(=O)C2=CC=C(C=C2)CN3CCN(CC3)C)NC4=NC=CC(=N4)C5=CN=CC=C5
Nilotinib_88,CC1=C(C=C(C=C1)NC(=O)C2=CC=C(C=C2)CN3CCN(CC3)C)NC4=NC=CC(=N4)C5=CN=CC=C5
Nilotinib_89,CC1=C(C=C(C=C1)NC(=O)C2=CC=C(C=C2)CN3CCN(CC3)C)NC4=NC=CC(=N4)C5=CN=CC=C5
Nilotinib_90,CC1=C(C=C(C=C1)NC(=O)C2=CC=C(C=C2)CN3CCN(CC3)C)NC4=NC=CC(=N4)C5=CN=CC=C5
Imatinib_91,CC1=C(C=C(C=C1)NC(=O)C2=CC=C(C=C2)CN3CCN(CC3)C)NC4=NC=CC(=N4)C5=CN=CC=C5
Imatinib_92,CC1=C(C=C(C=C1)NC(=O)C2=CC=C(C=C2)CN3CCN(CC3)C)NC4=NC=CC(=N4)C5=CN=CC=C5
Imatinib_93,CC1=C(C=C(C=C1)NC(=O)C2=CC=C(C=C2)CN3CCN(CC3)C)NC4=NC=CC(=N4)C5=CN=CC=C5
Imatinib_94,CC1=C(C=C(C=C1)NC(=O)C2=CC=C(C=C2)CN3CCN(CC3)C)NC4=NC=CC(=N4)C5=CN=CC=C5
Imatinib_95,CC1=C(C=C(C=C1)NC(=O)C2=CC=C(C=C2)CN3CCN(CC3)C)NC4=NC=CC(=N4)C5=CN=CC=C5
Nilotinib_96,CC1=C(C=C(C=C1)NC(=O)C2=CC=C(C=C2)CN3CCN(CC3)C)NC4=NC=CC(=N4)C5=CN=CC=C5
Nilotinib_97,CC1=C(C=C(C=C1)NC(=O)C2=CC=C(C=C2)CN3CCN(CC3)C)NC4=NC=CC(=N4)C5=CN=CC=C5
Nilotinib_98,CC1=C(C=C(C=C1)NC(=O)C2=CC=C(C=C2)CN3CCN(CC3)C)NC4=NC=CC(=N4)C5=CN=CC=C5
Nilotinib_99,CC1=C(C=C(C=C1)NC(=O)C2=CC=C(C=C2)CN3CCN(CC3)C)NC4=NC=CC(=N4)C5=CN=CC=C5
Nilotinib_100,CC1=C(C=C(C=C1)NC(=O)C2=CC=C(C=C2)CN3CCN(CC3)C)NC4=NC=CC(=N4)C5=CN=CC=C5
Imatinib_101,CC1=C(C=C(C=C1)NC(=O)C2=CC=C(C=C2)CN3CCN(CC3)C)NC4=NC=CC(=N4)C5=CN=CC=C5
Imatinib_102,CC1=C(C=C(C=C1)NC(=O)C2=CC=C(C=C2)CN3CCN(CC3)C)NC4=NC=CC(=N4)C5=CN=CC=C5
Imatinib_103,CC1=C(C=C(C=C1)NC(=O)C2=CC=C(C=C2)CN3CCN(CC3)C)NC4=NC=CC(=N4)C5=CN=CC=C5
Imatinib_104,CC1=C(C=C(C=C1)NC(=O)C2=CC=C(C=C2)CN3CCN(CC3)C)NC4=NC=CC(=N4)C5=CN=CC=C5
Imatinib_105,CC1=C(C=C(C=C1)NC(=O)C2=CC=C(C=C2)CN3CCN(CC3)C)NC4=NC=CC(=N4)C5=CN=CC=C5
Nilotinib_106,CC1=C(C=C(C=C1)NC(=O)C2=CC=C(C=C2)CN3CCN(CC3)C)NC4=NC=CC(=N4)C5=CN=CC=C5
Nilotinib_107,CC1=C(C=C(C=C1)NC(=O)C2=CC=C(C=C2)CN3CCN(CC3)C)NC4=NC=CC(=N4)C5=CN=CC=C5
Nilotinib_108,CC1=C(C=C(C=C1)NC(=O)C2=CC=C(C=C2)CN3CCN(CC3)C)NC4=NC=CC(=N4)C5=CN=CC=C5
Nilotinib_109,CC1=C(C=C(C=C1)NC(=O)C2=CC=C(C=C2)CN3CCN(CC3)C)NC4=NC=CC(=N4)C5=CN=CC=C5
Nilotinib_110,CC1=C(C=C(C=C1)NC(=O)C2=CC=C(C=C2)CN3CCN(CC3)C)NC4=NC=CC(=N4)C5=CN=CC=C5
Imatinib_111,CC1=C(C=C(C=C1)NC(=O)C2=CC=C(C=C2)CN3CCN(CC3)C)NC4=NC=CC(=N4)C5=CN=CC=C5
Imatinib_112,CC1=C(C=C(C=C1)NC(=O)C2=CC=C(C=C2)CN3CCN(CC3)C)NC4=NC=CC(=N4)C5=CN=CC=C5
Imatinib_113,CC1=C(C=C(C=C1)NC(=O)C2=CC=C(C=C2)CN3CCN(CC3)C)NC4=NC=CC(=N4)C5=CN=CC=C5
Imatinib_114,CC1=C(C=C(C=C1)NC(=O)C2=CC=C(C=C2)CN3CCN(CC3)C)NC4=NC=CC(=N4)C5=CN=CC=C5
Imatinib_115,CC1=C(C=C(C=C1)NC(=O)C2=CC=C(C=C2)CN3CCN(CC3)C)NC4=NC=CC(=N4)C5=CN=CC=C5
Nilotinib_116,CC1=C(C=C(C=C1)NC(=O)C2=CC=C(C=C2)CN3CCN(CC3)C)NC4=NC=CC(=N4)C5=CN=CC=C5
Nilotinib_117,CC1=C(C=C(C=C1)NC(=O)C2=CC=C(C=C2)CN3CCN(CC3)C)NC4=NC=CC(=N4)C5=CN=CC=C5
Nilotinib_118,CC1=C(C=C(C=C1)NC(=O)C2=CC=C(C=C2)CN3CCN(CC3)C)NC4=NC=CC(=N4)C5=CN=CC=C5
Nilotinib_119,CC1=C(C=C(C=C1)NC(=O)C2=CC=C(C=C2)CN3CCN(CC3)C)NC4=NC=CC(=N4)C5=CN=CC=C5
Nilotinib_120,CC1=C(C=C(C=C1)NC(=O)C2=CC=C(C=C2)CN3CCN(CC3)C)NC4=NC=CC(=N4)C5=CN=CC=C5
Imatinib_121,CC1=C(C=C(C=C1)NC(=O)C2=CC=C(C=C2)CN3CCN(CC3)C)NC4=NC=CC(=N4)C5=CN=CC=C5
Imatinib_122,CC1=C(C=C(C=C1)NC(=O)C2=CC=C(C=C2)CN3CCN(CC3)C)NC4=NC=CC(=N4)C5=CN=CC=C5
Imatinib_123,CC1=C(C=C(C=C1)NC(=O)C2=CC=C(C=C2)CN3CCN(CC3)C)NC4=NC=CC(=N4)C5=CN=CC=C5
Imatinib_124,CC1=C(C=C(C=C1)NC(=O)C2=CC=C(C=C2)CN3CCN(CC3)C)NC4=NC=CC(=N4)C5=CN=CC=C5
Imatinib_125,CC1=C(C=C(C=C1)NC(=O)C2=CC=C(C=C2)CN3CCN(CC3)C)NC4=NC=CC(=N4)C5=CN=CC=C5
Nilotinib_126,CC1=C(C=C(C=C1)NC(=O)C2=CC=C(C=C2)CN3CCN(CC3)C)NC4=NC=CC(=N4)C5=CN=CC=C5
Nilotinib_127,CC1=C(C=C(C=C1)NC(=O)C2=CC=C(C=C2)CN3CCN(CC3)C)NC4=NC=CC(=N4)C5=CN=CC=C5
Nilotinib_128,CC1=C(C=C(C=C1)NC(=O)C2=CC=C(C=C2)CN3CCN(CC3)C)NC4=NC=CC(=N4)C5=CN=CC=C5
Nilotinib_129,CC1=C(C=C(C=C1)NC(=O)C2=CC=C(C=C2)CN3CCN(CC3)C)NC4=NC=CC(=N4)C5=CN=CC=C5
Nilotinib_130,CC1=C(C=C(C=C1)NC(=O)C2=CC=C(C=C2)CN3CCN(CC3)C)NC4=NC=CC(=N4)C5=CN=CC=C5
Imatinib_131,CC1=C(C=C(C=C1)NC(=O)C2=CC=C(C=C2)CN3CCN(CC3)C)NC4=NC=CC(=N4)C5=CN=CC=C5
Imatinib_132,CC1=C(C=C(C=C1)NC(=O)C2=CC=C(C=C2)CN3CCN(CC3)C)NC4=NC=CC(=N4)C5=CN=CC=C5
Imatinib_133,CC1=C(C=C(C=C1)NC(=O)C2=CC=C(C=C2)CN3CCN(CC3)C)NC4=NC=CC(=N4)C5=CN=CC=C5
Imatinib_134,CC1=C(C=C(C=C1)NC(=O)C2=CC=C(C=C2)CN3CCN(CC3)C)NC4=NC=CC(=N4)C5=CN=CC=C5
Imatinib_135,CC1=C(C=C(C=C1)NC(=O)C2=CC=C(C=C2)CN3CCN(CC3)C)NC4=NC=CC(=N4)C5=CN=CC=C5
Nilotinib_136,CC1=C(C=C(C=C1)NC(=O)C2=CC=C(C=C2)CN3CCN(CC3)C)NC4=NC=CC(=N4)C5=CN=CC=C5
Nilotinib_137,CC1=C(C=C(C=C1)NC(=O)C2=CC=C(C=C2)CN3CCN(CC3)C)NC4=NC=CC(=N4)C5=CN=CC=C5
Nilotinib_138,CC1=C(C=C(C=C1)NC(=O)C2=CC=C(C=C2)CN3CCN(CC3)C)NC4=NC=CC(=N4)C5=CN=CC=C5
Nilotinib_139,CC1=C(C=C(C=C1)NC(=O)C2=CC=C(C=C2)CN3CCN(CC3)C)NC4=NC=CC(=N4)C5=CN=CC=C5
Nilotinib_140,CC1=C(C=C(C=C1)NC(=O)C2=CC=C(C=C2)CN3CCN(CC3)C)NC4=NC=CC(=N4)C5=CN=CC=C5
Imatinib_141,CC1=C(C=C(C=C1)NC(=O)C2=CC=C(C=C2)CN3CCN(CC3)C)NC4=NC=CC(=N4)C5=CN=CC=C5
Imatinib_142,CC1=C(C=C(C=C1)NC(=O)C2=CC=C(C=C2)CN3CCN(CC3)C)NC4=NC=CC(=N4)C5=CN=CC=C5
Imatinib_143,CC1=C(C=C(C=C1)NC(=O)C2=CC=C(C=C2)CN3CCN(CC3)C)NC4=NC=CC(=N4)C5=CN=CC=C5
Imatinib_144,CC1=C(C=C(C=C1)NC(=O)C2=CC=C(C=C2)CN3CCN(CC3)C)NC4=NC=CC(=N4)C5=CN=CC=C5
Imatinib_145,CC1=C(C=C(C=C1)NC(=O)C2=CC=C(C=C2)CN3CCN(CC3)C)NC4=NC=CC(=N4)C5=CN=CC=C5
Nilotinib_146,CC1=C(C=C(C=C1)NC(=O)C2=CC=C(C=C2)CN3CCN(CC3)C)NC4=NC=CC(=N4)C5=CN=CC=C5
Nilotinib_147,CC1=C(C=C(C=C1)NC(=O)C2=CC=C(C=C2)CN3CCN(CC3)C)NC4=NC=CC(=N4)C5=CN=CC=C5
Nilotinib_148,CC1=C(C=C(C=C1)NC(=O)C2=CC=C(C=C2)CN3CCN(CC3)C)NC4=NC=CC(=N4)C5=CN=CC=C5
Nilotinib_149,CC1=C(C=C(C=C1)NC(=O)C2=CC=C(C=C2)CN3CCN(CC3)C)NC4=NC=CC(=N4)C5=CN=CC=C5
Nilotinib_150,CC1=C(C=C(C=C1)NC(=O)C2=CC=C(C=C2)CN3CCN(CC3)C)NC4=NC=CC(=N4)C5=CN=CC=C5
Aspirin_151,CC(=O)OC1=CC=CC=C1C(=O)O
Aspirin_152,CC(=O)OC1=CC=CC=C1C(=O)O
Aspirin_153,CC(=O)OC1=CC=CC=C1C(=O)O
Aspirin_154,CC(=O)OC1=CC=CC=C1C(=O)O
Aspirin_155,CC(=O)OC1=CC=CC=C1C(=O)O
Ibuprofen_156,CC(C)CC1=CC=C(C=C1)C(C)C(=O)O
Ibuprofen_157,CC(C)CC1=CC=C(C=C1)C(C)C(=O)O
Ibuprofen_158,CC(C)CC1=CC=C(C=C1)C(C)C(=O)O
Ibuprofen_159,CC(C)CC1=CC=C(C=C1)C(C)C(=O)O
Ibuprofen_160,CC(C)CC1=CC=C(C=C1)C(C)C(=O)O
Aspirin_161,CC(=O)OC1=CC=CC=C1C(=O)O
Aspirin_162,CC(=O)OC1=CC=CC=C1C(=O)O
Aspirin_163,CC(=O)OC1=CC=CC=C1C(=O)O
Aspirin_164,CC(=O)OC1=CC=CC=C1C(=O)O
Aspirin_165,CC(=O)OC1=CC=CC=C1C(=O)O
Ibuprofen_166,CC(C)CC1=CC=C(C=C1)C(C)C(=O)O
Ibuprofen_167,CC(C)CC1=CC=C(C=C1)C(C)C(=O)O
Ibuprofen_168,CC(C)CC1=CC=C(C=C1)C(C)C(=O)O
Ibuprofen_169,CC(C)CC1=CC=C(C=C1)C(C)C(=O)O
Ibuprofen_170,CC(C)CC1=CC=C(C=C1)C(C)C(=O)O
Aspirin_171,CC(=O)OC1=CC=CC=C1C(=O)O
Aspirin_172,CC(=O)OC1=CC=CC=C1C(=O)O
Aspirin_173,CC(=O)OC1=CC=CC=C1C(=O)O
Aspirin_174,CC(=O)OC1=CC=CC=C1C(=O)O
Aspirin_175,CC(=O)OC1=CC=CC=C1C(=O)O
Ibuprofen_176,CC(C)CC1=CC=C(C=C1)C(C)C(=O)O
Ibuprofen_177,CC(C)CC1=CC=C(C=C1)C(C)C(=O)O
Ibuprofen_178,CC(C)CC1=CC=C(C=C1)C(C)C(=O)O
Ibuprofen_179,CC(C)CC1=CC=C(C=C1)C(C)C(=O)O
Ibuprofen_180,CC(C)CC1=CC=C(C=C1)C(C)C(=O)O
Aspirin_181,CC(=O)OC1=CC=CC=C1C(=O)O
Aspirin_182,CC(=O)OC1=CC=CC=C1C(=O)O
Aspirin_183,CC(=O)OC1=CC=CC=C1C(=O)O
Aspirin_184,CC(=O)OC1=CC=CC=C1C(=O)O
Aspirin_185,CC(=O)OC1=CC=CC=C1C(=O)O
Ibuprofen_186,CC(C)CC1=CC=C(C=C1)C(C)C(=O)O
Ibuprofen_187,CC(C)CC1=CC=C(C=C1)C(C)C(=O)O
Ibuprofen_188,CC(C)CC1=CC=C(C=C1)C(C)C(=O)O
Ibuprofen_189,CC(C)CC1=CC=C(C=C1)C(C)C(=O)O
Ibuprofen_190,CC(C)CC1=CC=C(C=C1)C(C)C(=O)O
Aspirin_191,CC(=O)OC1=CC=CC=C1C(=O)O
Aspirin_192,CC(=O)OC1=CC=CC=C1C(=O)O
Aspirin_193,CC(=O)OC1=CC=CC=C1C(=O)O
Aspirin_194,CC(=O)OC1=CC=CC=C1C(=O)O
Aspirin_195,CC(=O)OC1=CC=CC=C1C(=O)O
Ibuprofen_196,CC(C)CC1=CC=C(C=C1)C(C)C(=O)O
Ibuprofen_197,CC(C)CC1=CC=C(C=C1)C(C)C(=O)O
Ibuprofen_198,CC(C)CC1=CC=C(C=C1)C(C)C(=O)O
Ibuprofen_199,CC(C)CC1=CC=C(C=C1)C(C)C(=O)O
Ibuprofen_200,CC(C)CC1=CC=C(C=C1)C(C)C(=O)O
Aspirin_201,CC(=O)OC1=CC=CC=C1C(=O)O
Aspirin_202,CC(=O)OC1=CC=CC=C1C(=O)O
Aspirin_203,CC(=O)OC1=CC=CC=C1C(=O)O
Aspirin_204,CC(=O)OC1=CC=CC=C1C(=O)O
Aspirin_205,CC(=O)OC1=CC=CC=C1C(=O)O
Ibuprofen_206,CC(C)CC1=CC=C(C=C1)C(C)C(=O)O
Ibuprofen_207,CC(C)CC1=CC=C(C=C1)C(C)C(=O)O
Ibuprofen_208,CC(C)CC1=CC=C(C=C1)C(C)C(=O)O
Ibuprofen_209,CC(C)CC1=CC=C(C=C1)C(C)C(=O)O
Ibuprofen_210,CC(C)CC1=CC=C(C=C1)C(C)C(=O)O
Aspirin_211,CC(=O)OC1=CC=CC=C1C(=O)O
Aspirin_212,CC(=O)OC1=CC=CC=C1C(=O)O
Aspirin_213,CC(=O)OC1=CC=CC=C1C(=O)O
Aspirin_214,CC(=O)OC1=CC=CC=C1C(=O)O
Aspirin_215,CC(=O)OC1=CC=CC=C1C(=O)O
Ibuprofen_216,CC(C)CC1=CC=C(C=C1)C(C)C(=O)O
Ibuprofen_217,CC(C)CC1=CC=C(C=C1)C(C)C(=O)O
Ibuprofen_218,CC(C)CC1=CC=C(C=C1)C(C)C(=O)O
Ibuprofen_219,CC(C)CC1=CC=C(C=C1)C(C)C(=O)O
Ibuprofen_220,CC(C)CC1=CC=C(C=C1)C(C)C(=O)O
Aspirin_221,CC(=O)OC1=CC=CC=C1C(=O)O
Aspirin_222,CC(=O)OC1=CC=CC=C1C(=O)O
Aspirin_223,CC(=O)OC1=CC=CC=C1C(=O)O
Aspirin_224,CC(=O)OC1=CC=CC=C1C(=O)O
Aspirin_225,CC(=O)OC1=CC=CC=C1C(=O)O
Ibuprofen_226,CC(C)CC1=CC=C(C=C1)C(C)C(=O)O
Ibuprofen_227,CC(C)CC1=CC=C(C=C1)C(C)C(=O)O
Ibuprofen_228,CC(C)CC1=CC=C(C=C1)C(C)C(=O)O
Ibuprofen_229,CC(C)CC1=CC=C(C=C1)C(C)C(=O)O
Ibuprofen_230,CC(C)CC1=CC=C(C=C1)C(C)C(=O)O
Aspirin_231,CC(=O)OC1=CC=CC=C1C(=O)O
Aspirin_232,CC(=O)OC1=CC=CC=C1C(=O)O
Aspirin_233,CC(=O)OC1=CC=CC=C1C(=O)O
Aspirin_234,CC(=O)OC1=CC=CC=C1C(=O)O
Aspirin_235,CC(=O)OC1=CC=CC=C1C(=O)O
Ibuprofen_236,CC(C)CC1=CC=C(C=C1)C(C)C(=O)O
Ibuprofen_237,CC(C)CC1=CC=C(C=C1)C(C)C(=O)O
Ibuprofen_238,CC(C)CC1=CC=C(C=C1)C(C)C(=O)O
Ibuprofen_239,CC(C)CC1=CC=C(C=C1)C(C)C(=O)O
Ibuprofen_240,CC(C)CC1=CC=C(C=C1)C(C)C(=O)O
Aspirin_241,CC(=O)OC1=CC=CC=C1C(=O)O
Aspirin_242,CC(=O)OC1=CC=CC=C1C(=O)O
Aspirin_243,CC(=O)OC1=CC=CC=C1C(=O)O
Aspirin_244,CC(=O)OC1=CC=CC=C1C(=O)O
Aspirin_245,CC(=O)OC1=CC=CC=C1C(=O)O
Ibuprofen_246,CC(C)CC1=CC=C(C=C1)C(C)C(=O)O
Ibuprofen_247,CC(C)CC1=CC=C(C=C1)C(C)C(=O)O
Ibuprofen_248,CC(C)CC1=CC=C(C=C1)C(C)C(=O)O
Ibuprofen_249,CC(C)CC1=CC=C(C=C1)C(C)C(=O)O
Ibuprofen_250,CC(C)CC1=CC=C(C=C1)C(C)C(=O)O
Aspirin_251,CC(=O)OC1=CC=CC=C1C(=O)O
Aspirin_252,CC(=O)OC1=CC=CC=C1C(=O)O
Aspirin_253,CC(=O)OC1=CC=CC=C1C(=O)O
Aspirin_254,CC(=O)OC1=CC=CC=C1C(=O)O
Aspirin_255,CC(=O)OC1=CC=CC=C1C(=O)O
Ibuprofen_256,CC(C)CC1=CC=C(C=C1)C(C)C(=O)O
Ibuprofen_257,CC(C)CC1=CC=C(C=C1)C(C)C(=O)O
Ibuprofen_258,CC(C)CC1=CC=C(C=C1)C(C)C(=O)O
Ibuprofen_259,CC(C)CC1=CC=C(C=C1)C(C)C(=O)O
Ibuprofen_260,CC(C)CC1=CC=C(C=C1)C(C)C(=O)O
Aspirin_261,CC(=O)OC1=CC=CC=C1C(=O)O
Aspirin_262,CC(=O)OC1=CC=CC=C1C(=O)O
Aspirin_263,CC(=O)OC1=CC=CC=C1C(=O)O
Aspirin_264,CC(=O)OC1=CC=CC=C1C(=O)O
Aspirin_265,CC(=O)OC1=CC=CC=C1C(=O)O
Ibuprofen_266,CC(C)CC1=CC=C(C=C1)C(C)C(=O)O
Ibuprofen_267,CC(C)CC1=CC=C(C=C1)C(C)C(=O)O
Ibuprofen_268,CC(C)CC1=CC=C(C=C1)C(C)C(=O)O
Ibuprofen_269,CC(C)CC1=CC=C(C=C1)C(C)C(=O)O
Ibuprofen_270,CC(C)CC1=CC=C(C=C1)C(C)C(=O)O
Aspirin_271,CC(=O)OC1=CC=CC=C1C(=O)O
Aspirin_272,CC(=O)OC1=CC=CC=C1C(=O)O
Aspirin_273,CC(=O)OC1=CC=CC=C1C(=O)O
Aspirin_274,CC(=O)OC1=CC=CC=C1C(=O)O
Aspirin_275,CC(=O)OC1=CC=CC=C1C(=O)O
Ibuprofen_276,CC(C)CC1=CC=C(C=C1)C(C)C(=O)O
Ibuprofen_277,CC(C)CC1=CC=C(C=C1)C(C)C(=O)O
Ibuprofen_278,CC(C)CC1=CC=C(C=C1)C(C)C(=O)O
Ibuprofen_279,CC(C)CC1=CC=C(C=C1)C(C)C(=O)O
Ibuprofen_280,CC(C)CC1=CC=C(C=C1)C(C)C(=O)O
Aspirin_281,CC(=O)OC1=CC=CC=C1C(=O)O
Aspirin_282,CC(=O)OC1=CC=CC=C1C(=O)O
Aspirin_283,CC(=O)OC1=CC=CC=C1C(=O)O
Aspirin_284,CC(=O)OC1=CC=CC=C1C(=O)O
Aspirin_285,CC(=O)OC1=CC=CC=C1C(=O)O
Ibuprofen_286,CC(C)CC1=CC=C(C=C1)C(C)C(=O)O
Ibuprofen_287,CC(C)CC1=CC=C(C=C1)C(C)C(=O)O
Ibuprofen_288,CC(C)CC1=CC=C(C=C1)C(C)C(=O)O
Ibuprofen_289,CC(C)CC1=CC=C(C=C1)C(C)C(=O)O
Ibuprofen_290,CC(C)CC1=CC=C(C=C1)C(C)C(=O)O
Aspirin_291,CC(=O)OC1=CC=CC=C1C(=O)O
Aspirin_292,CC(=O)OC1=CC=CC=C1C(=O)O
Aspirin_293,CC(=O)OC1=CC=CC=C1C(=O)O
Aspirin_294,CC(=O)OC1=CC=CC=C1C(=O)O
Aspirin_295,CC(=O)OC1=CC=CC=C1C(=O)O
Ibuprofen_296,CC(C)CC1=CC=C(C=C1)C(C)C(=O)O
Ibuprofen_297,CC(C)CC1=CC=C(C=C1)C(C)C(=O)O
Ibuprofen_298,CC(C)CC1=CC=C(C=C1)C(C)C(=O)O
Ibuprofen_299,CC(C)CC1=CC=C(C=C1)C(C)C(=O)O
Ibuprofen_300,CC(C)CC1=CC=C(C=C1)C(C)C(=O)O
Metformin_301,CN(C)C(=N)NC(=N)N
Metformin_302,CN(C)C(=N)NC(=N)N
Metformin_303,CN(C)C(=N)NC(=N)N
Metformin_304,CN(C)C(=N)NC(=N)N
Metformin_305,CN(C)C(=N)NC(=N)N
Glipizide_306,CC1=CC=C(C=C1)S(=O)(=O)NC(=O)NC2CCCCC2
Glipizide_307,CC1=CC=C(C=C1)S(=O)(=O)NC(=O)NC2CCCCC2
Glipizide_308,CC1=CC=C(C=C1)S(=O)(=O)NC(=O)NC2CCCCC2
Glipizide_309,CC1=CC=C(C=C1)S(=O)(=O)NC(=O)NC2CCCCC2
Glipizide_310,CC1=CC=C(C=C1)S(=O)(=O)NC(=O)NC2CCCCC2
Metformin_311,CN(C)C(=N)NC(=N)N
Metformin_312,CN(C)C(=N)NC(=N)N
Metformin_313,CN(C)C(=N)NC(=N)N
Metformin_314,CN(C)C(=N)NC(=N)N
Metformin_315,CN(C)C(=N)NC(=N)N
Glipizide_316,CC1=CC=C(C=C1)S(=O)(=O)NC(=O)NC2CCCCC2
Glipizide_317,CC1=CC=C(C=C1)S(=O)(=O)NC(=O)NC2CCCCC2
Glipizide_318,CC1=CC=C(C=C1)S(=O)(=O)NC(=O)NC2CCCCC2
Glipizide_319,CC1=CC=C(C=C1)S(=O)(=O)NC(=O)NC2CCCCC2
Glipizide_320,CC1=CC=C(C=C1)S(=O)(=O)NC(=O)NC2CCCCC2
Metformin_321,CN(C)C(=N)NC(=N)N
Metformin_322,CN(C)C(=N)NC(=N)N
Metformin_323,CN(C)C(=N)NC(=N)N
Metformin_324,CN(C)C(=N)NC(=N)N
Metformin_325,CN(C)C(=N)NC(=N)N
Glipizide_326,CC1=CC=C(C=C1)S(=O)(=O)NC(=O)NC2CCCCC2
Glipizide_327,CC1=CC=C(C=C1)S(=O)(=O)NC(=O)NC2CCCCC2
Glipizide_328,CC1=CC=C(C=C1)S(=O)(=O)NC(=O)NC2CCCCC2
Glipizide_329,CC1=CC=C(C=C1)S(=O)(=O)NC(=O)NC2CCCCC2
Glipizide_330,CC1=CC=C(C=C1)S(=O)(=O)NC(=O)NC2CCCCC2
Metformin_331,CN(C)C(=N)NC(=N)N
Metformin_332,CN(C)C(=N)NC(=N)N
Metformin_333,CN(C)C(=N)NC(=N)N
Metformin_334,CN(C)C(=N)NC(=N)N
Metformin_335,CN(C)C(=N)NC(=N)N
Glipizide_336,CC1=CC=C(C=C1)S(=O)(=O)NC(=O)NC2CCCCC2
Glipizide_337,CC1=CC=C(C=C1)S(=O)(=O)NC(=O)NC2CCCCC2
Glipizide_338,CC1=CC=C(C=C1)S(=O)(=O)NC(=O)NC2CCCCC2
Glipizide_339,CC1=CC=C(C=C1)S(=O)(=O)NC(=O)NC2CCCCC2
Glipizide_340,CC1=CC=C(C=C1)S(=O)(=O)NC(=O)NC2CCCCC2
Metformin_341,CN(C)C(=N)NC(=N)N
Metformin_342,CN(C)C(=N)NC(=N)N
Metformin_343,CN(C)C(=N)NC(=N)N
Metformin_344,CN(C)C(=N)NC(=N)N
Metformin_345,CN(C)C(=N)NC(=N)N
Glipizide_346,CC1=CC=C(C=C1)S(=O)(=O)NC(=O)NC2CCCCC2
Glipizide_347,CC1=CC=C(C=C1)S(=O)(=O)NC(=O)NC2CCCCC2
Glipizide_348,CC1=CC=C(C=C1)S(=O)(=O)NC(=O)NC2CCCCC2
Glipizide_349,CC1=CC=C(C=C1)S(=O)(=O)NC(=O)NC2CCCCC2
Glipizide_350,CC1=CC=C(C=C1)S(=O)(=O)NC(=O)NC2CCCCC2
Metformin_351,CN(C)C(=N)NC(=N)N
Metformin_352,CN(C)C(=N)NC(=N)N
Metformin_353,CN(C)C(=N)NC(=N)N
Metformin_354,CN(C)C(=N)NC(=N)N
Metformin_355,CN(C)C(=N)NC(=N)N
Glipizide_356,CC1=CC=C(C=C1)S(=O)(=O)NC(=O)NC2CCCCC2
Glipizide_357,CC1=CC=C(C=C1)S(=O)(=O)NC(=O)NC2CCCCC2
Glipizide_358,CC1=CC=C(C=C1)S(=O)(=O)NC(=O)NC2CCCCC2
Glipizide_359,CC1=CC=C(C=C1)S(=O)(=O)NC(=O)NC2CCCCC2
Glipizide_360,CC1=CC=C(C=C1)S(=O)(=O)NC(=O)NC2CCCCC2
Metformin_361,CN(C)C(=N)NC(=N)N
Metformin_362,CN(C)C(=N)NC(=N)N
Metformin_363,CN(C)C(=N)NC(=N)N
Metformin_364,CN(C)C(=N)NC(=N)N
Metformin_365,CN(C)C(=N)NC(=N)N
Glipizide_366,CC1=CC=C(C=C1)S(=O)(=O)NC(=O)NC2CCCCC2
Glipizide_367,CC1=CC=C(C=C1)S(=O)(=O)NC(=O)NC2CCCCC2
Glipizide_368,CC1=CC=C(C=C1)S(=O)(=O)NC(=O)NC2CCCCC2
Glipizide_369,CC1=CC=C(C=C1)S(=O)(=O)NC(=O)NC2CCCCC2
Glipizide_370,CC1=CC=C(C=C1)S(=O)(=O)NC(=O)NC2CCCCC2
Metformin_371,CN(C)C(=N)NC(=N)N
Metformin_372,CN(C)C(=N)NC(=N)N
Metformin_373,CN(C)C(=N)NC(=N)N
Metformin_374,CN(C)C(=N)NC(=N)N
Metformin_375,CN(C)C(=N)NC(=N)N
Glipizide_376,CC1=CC=C(C=C1)S(=O)(=O)NC(=O)NC2CCCCC2
Glipizide_377,CC1=CC=C(C=C1)S(=O)(=O)NC(=O)NC2CCCCC2
Glipizide_378,CC1=CC=C(C=C1)S(=O)(=O)NC(=O)NC2CCCCC2
Glipizide_379,CC1=CC=C(C=C1)S(=O)(=O)NC(=O)NC2CCCCC2
Glipizide_380,CC1=CC=C(C=C1)S(=O)(=O)NC(=O)NC2CCCCC2
Metformin_381,CN(C)C(=N)NC(=N)N
Metformin_382,CN(C)C(=N)NC(=N)N
Metformin_383,CN(C)C(=N)NC(=N)N
Metformin_384,CN(C)C(=N)NC(=N)N
Metformin_385,CN(C)C(=N)NC(=N)N
Glipizide_386,CC1=CC=C(C=C1)S(=O)(=O)NC(=O)NC2CCCCC2
Glipizide_387,CC1=CC=C(C=C1)S(=O)(=O)NC(=O)NC2CCCCC2
Glipizide_388,CC1=CC=C(C=C1)S(=O)(=O)NC(=O)NC2CCCCC2
Glipizide_389,CC1=CC=C(C=C1)S(=O)(=O)NC(=O)NC2CCCCC2
Glipizide_390,CC1=CC=C(C=C1)S(=O)(=O)NC(=O)NC2CCCCC2
Metformin_391,CN(C)C(=N)NC(=N)N
Metformin_392,CN(C)C(=N)NC(=N)N
Metformin_393,CN(C)C(=N)NC(=N)N
Metformin_394,CN(C)C(=N)NC(=N)N
Metformin_395,CN(C)C(=N)NC(=N)N
Glipizide_396,CC1=CC=C(C=C1)S(=O)(=O)NC(=O)NC2CCCCC2
Glipizide_397,CC1=CC=C(C=C1)S(=O)(=O)NC(=O)NC2CCCCC2
Glipizide_398,CC1=CC=C(C=C1)S(=O)(=O)NC(=O)NC2CCCCC2
Glipizide_399,CC1=CC=C(C=C1)S(=O)(=O)NC(=O)NC2CCCCC2
Glipizide_400,CC1=CC=C(C=C1)S(=O)(=O)NC(=O)NC2CCCCC2
Metformin_401,CN(C)C(=N)NC(=N)N
Metformin_402,CN(C)C(=N)NC(=N)N
Metformin_403,CN(C)C(=N)NC(=N)N
Metformin_404,CN(C)C(=N)NC(=N)N
Metformin_405,CN(C)C(=N)NC(=N)N
Glipizide_406,CC1=CC=C(C=C1)S(=O)(=O)NC(=O)NC2CCCCC2
Glipizide_407,CC1=CC=C(C=C1)S(=O)(=O)NC(=O)NC2CCCCC2
Glipizide_408,CC1=CC=C(C=C1)S(=O)(=O)NC(=O)NC2CCCCC2
Glipizide_409,CC1=CC=C(C=C1)S(=O)(=O)NC(=O)NC2CCCCC2
Glipizide_410,CC1=CC=C(C=C1)S(=O)(=O)NC(=O)NC2CCCCC2
Metformin_411,CN(C)C(=N)NC(=N)N
Metformin_412,CN(C)C(=N)NC(=N)N
Metformin_413,CN(C)C(=N)NC(=N)N
Metformin_414,CN(C)C(=N)NC(=N)N
Metformin_415,CN(C)C(=N)NC(=N)N
Glipizide_416,CC1=CC=C(C=C1)S(=O)(=O)NC(=O)NC2CCCCC2
Glipizide_417,CC1=CC=C(C=C1)S(=O)(=O)NC(=O)NC2CCCCC2
Glipizide_418,CC1=CC=C(C=C1)S(=O)(=O)NC(=O)NC2CCCCC2
Glipizide_419,CC1=CC=C(C=C1)S(=O)(=O)NC(=O)NC2CCCCC2
Glipizide_420,CC1=CC=C(C=C1)S(=O)(=O)NC(=O)NC2CCCCC2
Metformin_421,CN(C)C(=N)NC(=N)N
Metformin_422,CN(C)C(=N)NC(=N)N
Metformin_423,CN(C)C(=N)NC(=N)N
Metformin_424,CN(C)C(=N)NC(=N)N
Metformin_425,CN(C)C(=N)NC(=N)N
Glipizide_426,CC1=CC=C(C=C1)S(=O)(=O)NC(=O)NC2CCCCC2
Glipizide_427,CC1=CC=C(C=C1)S(=O)(=O)NC(=O)NC2CCCCC2
Glipizide_428,CC1=CC=C(C=C1)S(=O)(=O)NC(=O)NC2CCCCC2
Glipizide_429,CC1=CC=C(C=C1)S(=O)(=O)NC(=O)NC2CCCCC2
Glipizide_430,CC1=CC=C(C=C1)S(=O)(=O)NC(=O)NC2CCCCC2
Metformin_431,CN(C)C(=N)NC(=N)N
Metformin_432,CN(C)C(=N)NC(=N)N
Metformin_433,CN(C)C(=N)NC(=N)N
Metformin_434,CN(C)C(=N)NC(=N)N
Metformin_435,CN(C)C(=N)NC(=N)N
Glipizide_436,CC1=CC=C(C=C1)S(=O)(=O)NC(=O)NC2CCCCC2
Glipizide_437,CC1=CC=C(C=C1)S(=O)(=O)NC(=O)NC2CCCCC2
Glipizide_438,CC1=CC=C(C=C1)S(=O)(=O)NC(=O)NC2CCCCC2
Glipizide_439,CC1=CC=C(C=C1)S(=O)(=O)NC(=O)NC2CCCCC2
Glipizide_440,CC1=CC=C(C=C1)S(=O)(=O)NC(=O)NC2CCCCC2
Metformin_441,CN(C)C(=N)NC(=N)N
Metformin_442,CN(C)C(=N)NC(=N)N
Metformin_443,CN(C)C(=N)NC(=N)N
Metformin_444,CN(C)C(=N)NC(=N)N
Metformin_445,CN(C)C(=N)NC(=N)N
Glipizide_446,CC1=CC=C(C=C1)S(=O)(=O)NC(=O)NC2CCCCC2
Glipizide_447,CC1=CC=C(C=C1)S(=O)(=O)NC(=O)NC2CCCCC2
Glipizide_448,CC1=CC=C(C=C1)S(=O)(=O)NC(=O)NC2CCCCC2
Glipizide_449,CC1=CC=C(C=C1)S(=O)(=O)NC(=O)NC2CCCCC2
Glipizide_450,CC1=CC=C(C=C1)S(=O)(=O)NC(=O)NC2CCCCC2
Prozac_451,CNCCC(C1=CC=CC=C1)OC2=CC=C(C=C2)C(F)(F)F
Prozac_452,CNCCC(C1=CC=CC=C1)OC2=CC=C(C=C2)C(F)(F)F
Prozac_453,CNCCC(C1=CC=CC=C1)OC2=CC=C(C=C2)C(F)(F)F
Prozac_454,CNCCC(C1=CC=CC=C1)OC2=CC=C(C=C2)C(F)(F)F
Prozac_455,CNCCC(C1=CC=CC=C1)OC2=CC=C(C=C2)C(F)(F)F
Zoloft_456,CNC1CCC(C2=CC=CC=C21)C3=CC(=C(C=C3)Cl)Cl
Zoloft_457,CNC1CCC(C2=CC=CC=C21)C3=CC(=C(C=C3)Cl)Cl
Zoloft_458,CNC1CCC(C2=CC=CC=C21)C3=CC(=C(C=C3)Cl)Cl
Zoloft_459,CNC1CCC(C2=CC=CC=C21)C3=CC(=C(C=C3)Cl)Cl
Zoloft_460,CNC1CCC(C2=CC=CC=C21)C3=CC(=C(C=C3)Cl)Cl
Prozac_461,CNCCC(C1=CC=CC=C1)OC2=CC=C(C=C2)C(F)(F)F
Prozac_462,CNCCC(C1=CC=CC=C1)OC2=CC=C(C=C2)C(F)(F)F
Prozac_463,CNCCC(C1=CC=CC=C1)OC2=CC=C(C=C2)C(F)(F)F
Prozac_464,CNCCC(C1=CC=CC=C1)OC2=CC=C(C=C2)C(F)(F)F
Prozac_465,CNCCC(C1=CC=CC=C1)OC2=CC=C(C=C2)C(F)(F)F
Zoloft_466,CNC1CCC(C2=CC=CC=C21)C3=CC(=C(C=C3)Cl)Cl
Zoloft_467,CNC1CCC(C2=CC=CC=C21)C3=CC(=C(C=C3)Cl)Cl
Zoloft_468,CNC1CCC(C2=CC=CC=C21)C3=CC(=C(C=C3)Cl)Cl
Zoloft_469,CNC1CCC(C2=CC=CC=C21)C3=CC(=C(C=C3)Cl)Cl
Zoloft_470,CNC1CCC(C2=CC=CC=C21)C3=CC(=C(C=C3)Cl)Cl
Prozac_471,CNCCC(C1=CC=CC=C1)OC2=CC=C(C=C2)C(F)(F)F
Prozac_472,CNCCC(C1=CC=CC=C1)OC2=CC=C(C=C2)C(F)(F)F
Prozac_473,CNCCC(C1=CC=CC=C1)OC2=CC=C(C=C2)C(F)(F)F
Prozac_474,CNCCC(C1=CC=CC=C1)OC2=CC=C(C=C2)C(F)(F)F
Prozac_475,CNCCC(C1=CC=CC=C1)OC2=CC=C(C=C2)C(F)(F)F
Zoloft_476,CNC1CCC(C2=CC=CC=C21)C3=CC(=C(C=C3)Cl)Cl
Zoloft_477,CNC1CCC(C2=CC=CC=C21)C3=CC(=C(C=C3)Cl)Cl
Zoloft_478,CNC1CCC(C2=CC=CC=C21)C3=CC(=C(C=C3)Cl)Cl
Zoloft_479,CNC1CCC(C2=CC=CC=C21)C3=CC(=C(C=C3)Cl)Cl
Zoloft_480,CNC1CCC(C2=CC=CC=C21)C3=CC(=C(C=C3)Cl)Cl
Prozac_481,CNCCC(C1=CC=CC=C1)OC2=CC=C(C=C2)C(F)(F)F
Prozac_482,CNCCC(C1=CC=CC=C1)OC2=CC=C(C=C2)C(F)(F)F
Prozac_483,CNCCC(C1=CC=CC=C1)OC2=CC=C(C=C2)C(F)(F)F
Prozac_484,CNCCC(C1=CC=CC=C1)OC2=CC=C(C=C2)C(F)(F)F
Prozac_485,CNCCC(C1=CC=CC=C1)OC2=CC=C(C=C2)C(F)(F)F
Zoloft_486,CNC1CCC(C2=CC=CC=C21)C3=CC(=C(C=C3)Cl)Cl
Zoloft_487,CNC1CCC(C2=CC=CC=C21)C3=CC(=C(C=C3)Cl)Cl
Zoloft_488,CNC1CCC(C2=CC=CC=C21)C3=CC(=C(C=C3)Cl)Cl
Zoloft_489,CNC1CCC(C2=CC=CC=C21)C3=CC(=C(C=C3)Cl)Cl
Zoloft_490,CNC1CCC(C2=CC=CC=C21)C3=CC(=C(C=C3)Cl)Cl
Prozac_491,CNCCC(C1=CC=CC=C1)OC2=CC=C(C=C2)C(F)(F)F
Prozac_492,CNCCC(C1=CC=CC=C1)OC2=CC=C(C=C2)C(F)(F)F
Prozac_493,CNCCC(C1=CC=CC=C1)OC2=CC=C(C=C2)C(F)(F)F
Prozac_494,CNCCC(C1=CC=CC=C1)OC2=CC=C(C=C2)C(F)(F)F
Prozac_495,CNCCC(C1=CC=CC=C1)OC2=CC=C(C=C2)C(F)(F)F
Zoloft_496,CNC1CCC(C2=CC=CC=C21)C3=CC(=C(C=C3)Cl)Cl
Zoloft_497,CNC1CCC(C2=CC=CC=C21)C3=CC(=C(C=C3)Cl)Cl
Zoloft_498,CNC1CCC(C2=CC=CC=C21)C3=CC(=C(C=C3)Cl)Cl
Zoloft_499,CNC1CCC(C2=CC=CC=C21)C3=CC(=C(C=C3)Cl)Cl
Zoloft_500,CNC1CCC(C2=CC=CC=C21)C3=CC(=C(C=C3)Cl)Cl
Prozac_501,CNCCC(C1=CC=CC=C1)OC2=CC=C(C=C2)C(F)(F)F
Prozac_502,CNCCC(C1=CC=CC=C1)OC2=CC=C(C=C2)C(F)(F)F
Prozac_503,CNCCC(C1=CC=CC=C1)OC2=CC=C(C=C2)C(F)(F)F
Prozac_504,CNCCC(C1=CC=CC=C1)OC2=CC=C(C=C2)C(F)(F)F
Prozac_505,CNCCC(C1=CC=CC=C1)OC2=CC=C(C=C2)C(F)(F)F
Zoloft_506,CNC1CCC(C2=CC=CC=C21)C3=CC(=C(C=C3)Cl)Cl
Zoloft_507,CNC1CCC(C2=CC=CC=C21)C3=CC(=C(C=C3)Cl)Cl
Zoloft_508,CNC1CCC(C2=CC=CC=C21)C3=CC(=C(C=C3)Cl)Cl
Zoloft_509,CNC1CCC(C2=CC=CC=C21)C3=CC(=C(C=C3)Cl)Cl
Zoloft_510,CNC1CCC(C2=CC=CC=C21)C3=CC(=C(C=C3)Cl)Cl
Prozac_511,CNCCC(C1=CC=CC=C1)OC2=CC=C(C=C2)C(F)(F)F
Prozac_512,CNCCC(C1=CC=CC=C1)OC2=CC=C(C=C2)C(F)(F)F
Prozac_513,CNCCC(C1=CC=CC=C1)OC2=CC=C(C=C2)C(F)(F)F
Prozac_514,CNCCC(C1=CC=CC=C1)OC2=CC=C(C=C2)C(F)(F)F
Prozac_515,CNCCC(C1=CC=CC=C1)OC2=CC=C(C=C2)C(F)(F)F
Zoloft_516,CNC1CCC(C2=CC=CC=C21)C3=CC(=C(C=C3)Cl)Cl
Zoloft_517,CNC1CCC(C2=CC=CC=C21)C3=CC(=C(C=C3)Cl)Cl
Zoloft_518,CNC1CCC(C2=CC=CC=C21)C3=CC(=C(C=C3)Cl)Cl
Zoloft_519,CNC1CCC(C2=CC=CC=C21)C3=CC(=C(C=C3)Cl)Cl
Zoloft_520,CNC1CCC(C2=CC=CC=C21)C3=CC(=C(C=C3)Cl)Cl
Prozac_521,CNCCC(C1=CC=CC=C1)OC2=CC=C(C=C2)C(F)(F)F
Prozac_522,CNCCC(C1=CC=CC=C1)OC2=CC=C(C=C2)C(F)(F)F
Prozac_523,CNCCC(C1=CC=CC=C1)OC2=CC=C(C=C2)C(F)(F)F
Prozac_524,CNCCC(C1=CC=CC=C1)OC2=CC=C(C=C2)C(F)(F)F
Prozac_525,CNCCC(C1=CC=CC=C1)OC2=CC=C(C=C2)C(F)(F)F
Zoloft_526,CNC1CCC(C2=CC=CC=C21)C3=CC(=C(C=C3)Cl)Cl
Zoloft_527,CNC1CCC(C2=CC=CC=C21)C3=CC(=C(C=C3)Cl)Cl
Zoloft_528,CNC1CCC(C2=CC=CC=C21)C3=CC(=C(C=C3)Cl)Cl
Zoloft_529,CNC1CCC(C2=CC=CC=C21)C3=CC(=C(C=C3)Cl)Cl
Zoloft_530,CNC1CCC(C2=CC=CC=C21)C3=CC(=C(C=C3)Cl)Cl
Prozac_531,CNCCC(C1=CC=CC=C1)OC2=CC=C(C=C2)C(F)(F)F
Prozac_532,CNCCC(C1=CC=CC=C1)OC2=CC=C(C=C2)C(F)(F)F
Prozac_533,CNCCC(C1=CC=CC=C1)OC2=CC=C(C=C2)C(F)(F)F
Prozac_534,CNCCC(C1=CC=CC=C1)OC2=CC=C(C=C2)C(F)(F)F
Prozac_535,CNCCC(C1=CC=CC=C1)OC2=CC=C(C=C2)C(F)(F)F
Zoloft_536,CNC1CCC(C2=CC=CC=C21)C3=CC(=C(C=C3)Cl)Cl
Zoloft_537,CNC1CCC(C2=CC=CC=C21)C3=CC(=C(C=C3)Cl)Cl
Zoloft_538,CNC1CCC(C2=CC=CC=C21)C3=CC(=C(C=C3)Cl)Cl
Zoloft_539,CNC1CCC(C2=CC=CC=C21)C3=CC(=C(C=C3)Cl)Cl
Zoloft_540,CNC1CCC(C2=CC=CC=C21)C3=CC(=C(C=C3)Cl)Cl
Prozac_541,CNCCC(C1=CC=CC=C1)OC2=CC=C(C=C2)C(F)(F)F
Prozac_542,CNCCC(C1=CC=CC=C1)OC2=CC=C(C=C2)C(F)(F)F
Prozac_543,CNCCC(C1=CC=CC=C1)OC2=CC=C(C=C2)C(F)(F)F
Prozac_544,CNCCC(C1=CC=CC=C1)OC2=CC=C(C=C2)C(F)(F)F
Prozac_545,CNCCC(C1=CC=CC=C1)OC2=CC=C(C=C2)C(F)(F)F
Zoloft_546,CNC1CCC(C2=CC=CC=C21)C3=CC(=C(C=C3)Cl)Cl
Zoloft_547,CNC1CCC(C2=CC=CC=C21)C3=CC(=C(C=C3)Cl)Cl
Zoloft_548,CNC1CCC(C2=CC=CC=C21)C3=CC(=C(C=C3)Cl)Cl
Zoloft_549,CNC1CCC(C2=CC=CC=C21)C3=CC(=C(C=C3)Cl)Cl
Zoloft_550,CNC1CCC(C2=CC=CC=C21)C3=CC(=C(C=C3)Cl)Cl
Prozac_551,CNCCC(C1=CC=CC=C1)OC2=CC=C(C=C2)C(F)(F)F
Prozac_552,CNCCC(C1=CC=CC=C1)OC2=CC=C(C=C2)C(F)(F)F
Prozac_553,CNCCC(C1=CC=CC=C1)OC2=CC=C(C=C2)C(F)(F)F
Prozac_554,CNCCC(C1=CC=CC=C1)OC2=CC=C(C=C2)C(F)(F)F
Prozac_555,CNCCC(C1=CC=CC=C1)OC2=CC=C(C=C2)C(F)(F)F
Zoloft_556,CNC1CCC(C2=CC=CC=C21)C3=CC(=C(C=C3)Cl)Cl
Zoloft_557,CNC1CCC(C2=CC=CC=C21)C3=CC(=C(C=C3)Cl)Cl
Zoloft_558,CNC1CCC(C2=CC=CC=C21)C3=CC(=C(C=C3)Cl)Cl
Zoloft_559,CNC1CCC(C2=CC=CC=C21)C3=CC(=C(C=C3)Cl)Cl
Zoloft_560,CNC1CCC(C2=CC=CC=C21)C3=CC(=C(C=C3)Cl)Cl
Prozac_561,CNCCC(C1=CC=CC=C1)OC2=CC=C(C=C2)C(F)(F)F
Prozac_562,CNCCC(C1=CC=CC=C1)OC2=CC=C(C=C2)C(F)(F)F
Prozac_563,CNCCC(C1=CC=CC=C1)OC2=CC=C(C=C2)C(F)(F)F
Prozac_564,CNCCC(C1=CC=CC=C1)OC2=CC=C(C=C2)C(F)(F)F
Prozac_565,CNCCC(C1=CC=CC=C1)OC2=CC=C(C=C2)C(F)(F)F
Zoloft_566,CNC1CCC(C2=CC=CC=C21)C3=CC(=C(C=C3)Cl)Cl
Zoloft_567,CNC1CCC(C2=CC=CC=C21)C3=CC(=C(C=C3)Cl)Cl
Zoloft_568,CNC1CCC(C2=CC=CC=C21)C3=CC(=C(C=C3)Cl)Cl
Zoloft_569,CNC1CCC(C2=CC=CC=C21)C3=CC(=C(C=C3)Cl)Cl
Zoloft_570,CNC1CCC(C2=CC=CC=C21)C3=CC(=C(C=C3)Cl)Cl
Prozac_571,CNCCC(C1=CC=CC=C1)OC2=CC=C(C=C2)C(F)(F)F
Prozac_572,CNCCC(C1=CC=CC=C1)OC2=CC=C(C=C2)C(F)(F)F
Prozac_573,CNCCC(C1=CC=CC=C1)OC2=CC=C(C=C2)C(F)(F)F
Prozac_574,CNCCC(C1=CC=CC=C1)OC2=CC=C(C=C2)C(F)(F)F
Prozac_575,CNCCC(C1=CC=CC=C1)OC2=CC=C(C=C2)C(F)(F)F
Zoloft_576,CNC1CCC(C2=CC=CC=C21)C3=CC(=C(C=C3)Cl)Cl
Zoloft_577,CNC1CCC(C2=CC=CC=C21)C3=CC(=C(C=C3)Cl)Cl
Zoloft_578,CNC1CCC(C2=CC=CC=C21)C3=CC(=C(C=C3)Cl)Cl
Zoloft_579,CNC1CCC(C2=CC=CC=C21)C3=CC(=C(C=C3)Cl)Cl
Zoloft_580,CNC1CCC(C2=CC=CC=C21)C3=CC(=C(C=C3)Cl)Cl
Prozac_581,CNCCC(C1=CC=CC=C1)OC2=CC=C(C=C2)C(F)(F)F
Prozac_582,CNCCC(C1=CC=CC=C1)OC2=CC=C(C=C2)C(F)(F)F
Prozac_583,CNCCC(C1=CC=CC=C1)OC2=CC=C(C=C2)C(F)(F)F
Prozac_584,CNCCC(C1=CC=CC=C1)OC2=CC=C(C=C2)C(F)(F)F
Prozac_585,CNCCC(C1=CC=CC=C1)OC2=CC=C(C=C2)C(F)(F)F
Zoloft_586,CNC1CCC(C2=CC=CC=C21)C3=CC(=C(C=C3)Cl)Cl
Zoloft_587,CNC1CCC(C2=CC=CC=C21)C3=CC(=C(C=C3)Cl)Cl
Zoloft_588,CNC1CCC(C2=CC=CC=C21)C3=CC(=C(C=C3)Cl)Cl
Zoloft_589,CNC1CCC(C2=CC=CC=C21)C3=CC(=C(C=C3)Cl)Cl
Zoloft_590,CNC1CCC(C2=CC=CC=C21)C3=CC(=C(C=C3)Cl)Cl
Prozac_591,CNCCC(C1=CC=CC=C1)OC2=CC=C(C=C2)C(F)(F)F
Prozac_592,CNCCC(C1=CC=CC=C1)OC2=CC=C(C=C2)C(F)(F)F
Prozac_593,CNCCC(C1=CC=CC=C1)OC2=CC=C(C=C2)C(F)(F)F
Prozac_594,CNCCC(C1=CC=CC=C1)OC2=CC=C(C=C2)C(F)(F)F
Prozac_595,CNCCC(C1=CC=CC=C1)OC2=CC=C(C=C2)C(F)(F)F
Zoloft_596,CNC1CCC(C2=CC=CC=C21)C3=CC(=C(C=C3)Cl)Cl
Zoloft_597,CNC1CCC(C2=CC=CC=C21)C3=CC(=C(C=C3)Cl)Cl
Zoloft_598,CNC1CCC(C2=CC=CC=C21)C3=CC(=C(C=C3)Cl)Cl
Zoloft_599,CNC1CCC(C2=CC=CC=C21)C3=CC(=C(C=C3)Cl)Cl
Zoloft_600,CNC1CCC(C2=CC=CC=C21)C3=CC(=C(C=C3)Cl)Cl
Penicillin_601,CC1(C(N2C(S1)C(C2=O)NC(=O)CC3=CC=CC=C3)C(=O)O)C
Penicillin_602,CC1(C(N2C(S1)C(C2=O)NC(=O)CC3=CC=CC=C3)C(=O)O)C
Penicillin_603,CC1(C(N2C(S1)C(C2=O)NC(=O)CC3=CC=CC=C3)C(=O)O)C
Penicillin_604,CC1(C(N2C(S1)C(C2=O)NC(=O)CC3=CC=CC=C3)C(=O)O)C
Penicillin_605,CC1(C(N2C(S1)C(C2=O)NC(=O)CC3=CC=CC=C3)C(=O)O)C
Amoxicillin_606,CC1(C(N2C(S1)C(C2=O)NC(=O)C(C3=CC=C(C=C3)O)N)C(=O)O)C
Amoxicillin_607,CC1(C(N2C(S1)C(C2=O)NC(=O)C(C3=CC=C(C=C3)O)N)C(=O)O)C
Amoxicillin_608,CC1(C(N2C(S1)C(C2=O)NC(=O)C(C3=CC=C(C=C3)O)N)C(=O)O)C
Amoxicillin_609,CC1(C(N2C(S1)C(C2=O)NC(=O)C(C3=CC=C(C=C3)O)N)C(=O)O)C
Amoxicillin_610,CC1(C(N2C(S1)C(C2=O)NC(=O)C(C3=CC=C(C=C3)O)N)C(=O)O)C
Penicillin_611,CC1(C(N2C(S1)C(C2=O)NC(=O)CC3=CC=CC=C3)C(=O)O)C
Penicillin_612,CC1(C(N2C(S1)C(C2=O)NC(=O)CC3=CC=CC=C3)C(=O)O)C
Penicillin_613,CC1(C(N2C(S1)C(C2=O)NC(=O)CC3=CC=CC=C3)C(=O)O)C
Penicillin_614,CC1(C(N2C(S1)C(C2=O)NC(=O)CC3=CC=CC=C3)C(=O)O)C
Penicillin_615,CC1(C(N2C(S1)C(C2=O)NC(=O)CC3=CC=CC=C3)C(=O)O)C
Amoxicillin_616,CC1(C(N2C(S1)C(C2=O)NC(=O)C(C3=CC=C(C=C3)O)N)C(=O)O)C
Amoxicillin_617,CC1(C(N2C(S1)C(C2=O)NC(=O)C(C3=CC=C(C=C3)O)N)C(=O)O)C
Amoxicillin_618,CC1(C(N2C(S1)C(C2=O)NC(=O)C(C3=CC=C(C=C3)O)N)C(=O)O)C
Amoxicillin_619,CC1(C(N2C(S1)C(C2=O)NC(=O)C(C3=CC=C(C=C3)O)N)C(=O)O)C
Amoxicillin_620,CC1(C(N2C(S1)C(C2=O)NC(=O)C(C3=CC=C(C=C3)O)N)C(=O)O)C
Penicillin_621,CC1(C(N2C(S1)C(C2=O)NC(=O)CC3=CC=CC=C3)C(=O)O)C
Penicillin_622,CC1(C(N2C(S1)C(C2=O)NC(=O)CC3=CC=CC=C3)C(=O)O)C
Penicillin_623,CC1(C(N2C(S1)C(C2=O)NC(=O)CC3=CC=CC=C3)C(=O)O)C
Penicillin_624,CC1(C(N2C(S1)C(C2=O)NC(=O)CC3=CC=CC=C3)C(=O)O)C
Penicillin_625,CC1(C(N2C(S1)C(C2=O)NC(=O)CC3=CC=CC=C3)C(=O)O)C
Amoxicillin_626,CC1(C(N2C(S1)C(C2=O)NC(=O)C(C3=CC=C(C=C3)O)N)C(=O)O)C
Amoxicillin_627,CC1(C(N2C(S1)C(C2=O)NC(=O)C(C3=CC=C(C=C3)O)N)C(=O)O)C
Amoxicillin_628,CC1(C(N2C(S1)C(C2=O)NC(=O)C(C3=CC=C(C=C3)O)N)C(=O)O)C
Amoxicillin_629,CC1(C(N2C(S1)C(C2=O)NC(=O)C(C3=CC=C(C=C3)O)N)C(=O)O)C
Amoxicillin_630,CC1(C(N2C(S1)C(C2=O)NC(=O)C(C3=CC=C(C=C3)O)N)C(=O)O)C
Penicillin_631,CC1(C(N2C(S1)C(C2=O)NC(=O)CC3=CC=CC=C3)C(=O)O)C
Penicillin_632,CC1(C(N2C(S1)C(C2=O)NC(=O)CC3=CC=CC=C3)C(=O)O)C
Penicillin_633,CC1(C(N2C(S1)C(C2=O)NC(=O)CC3=CC=CC=C3)C(=O)O)C
Penicillin_634,CC1(C(N2C(S1)C(C2=O)NC(=O)CC3=CC=CC=C3)C(=O)O)C
Penicillin_635,CC1(C(N2C(S1)C(C2=O)NC(=O)CC3=CC=CC=C3)C(=O)O)C
Amoxicillin_636,CC1(C(N2C(S1)C(C2=O)NC(=O)C(C3=CC=C(C=C3)O)N)C(=O)O)C
Amoxicillin_637,CC1(C(N2C(S1)C(C2=O)NC(=O)C(C3=CC=C(C=C3)O)N)C(=O)O)C
Amoxicillin_638,CC1(C(N2C(S1)C(C2=O)NC(=O)C(C3=CC=C(C=C3)O)N)C(=O)O)C
Amoxicillin_639,CC1(C(N2C(S1)C(C2=O)NC(=O)C(C3=CC=C(C=C3)O)N)C(=O)O)C
Amoxicillin_640,CC1(C(N2C(S1)C(C2=O)NC(=O)C(C3=CC=C(C=C3)O)N)C(=O)O)C
Penicillin_641,CC1(C(N2C(S1)C(C2=O)NC(=O)CC3=CC=CC=C3)C(=O)O)C
Penicillin_642,CC1(C(N2C(S1)C(C2=O)NC(=O)CC3=CC=CC=C3)C(=O)O)C
Penicillin_643,CC1(C(N2C(S1)C(C2=O)NC(=O)CC3=CC=CC=C3)C(=O)O)C
Penicillin_644,CC1(C(N2C(S1)C(C2=O)NC(=O)CC3=CC=CC=C3)C(=O)O)C
Penicillin_645,CC1(C(N2C(S1)C(C2=O)NC(=O)CC3=CC=CC=C3)C(=O)O)C
Amoxicillin_646,CC1(C(N2C(S1)C(C2=O)NC(=O)C(C3=CC=C(C=C3)O)N)C(=O)O)C
Amoxicillin_647,CC1(C(N2C(S1)C(C2=O)NC(=O)C(C3=CC=C(C=C3)O)N)C(=O)O)C
Amoxicillin_648,CC1(C(N2C(S1)C(C2=O)NC(=O)C(C3=CC=C(C=C3)O)N)C(=O)O)C
Amoxicillin_649,CC1(C(N2C(S1)C(C2=O)NC(=O)C(C3=CC=C(C=C3)O)N)C(=O)O)C
Amoxicillin_650,CC1(C(N2C(S1)C(C2=O)NC(=O)C(C3=CC=C(C=C3)O)N)C(=O)O)C
Penicillin_651,CC1(C(N2C(S1)C(C2=O)NC(=O)CC3=CC=CC=C3)C(=O)O)C
Penicillin_652,CC1(C(N2C(S1)C(C2=O)NC(=O)CC3=CC=CC=C3)C(=O)O)C
Penicillin_653,CC1(C(N2C(S1)C(C2=O)NC(=O)CC3=CC=CC=C3)C(=O)O)C
Penicillin_654,CC1(C(N2C(S1)C(C2=O)NC(=O)CC3=CC=CC=C3)C(=O)O)C
Penicillin_655,CC1(C(N2C(S1)C(C2=O)NC(=O)CC3=CC=CC=C3)C(=O)O)C
Amoxicillin_656,CC1(C(N2C(S1)C(C2=O)NC(=O)C(C3=CC=C(C=C3)O)N)C(=O)O)C
Amoxicillin_657,CC1(C(N2C(S1)C(C2=O)NC(=O)C(C3=CC=C(C=C3)O)N)C(=O)O)C
Amoxicillin_658,CC1(C(N2C(S1)C(C2=O)NC(=O)C(C3=CC=C(C=C3)O)N)C(=O)O)C
Amoxicillin_659,CC1(C(N2C(S1)C(C2=O)NC(=O)C(C3=CC=C(C=C3)O)N)C(=O)O)C
Amoxicillin_660,CC1(C(N2C(S1)C(C2=O)NC(=O)C(C3=CC=C(C=C3)O)N)C(=O)O)C
Penicillin_661,CC1(C(N2C(S1)C(C2=O)NC(=O)CC3=CC=CC=C3)C(=O)O)C
Penicillin_662,CC1(C(N2C(S1)C(C2=O)NC(=O)CC3=CC=CC=C3)C(=O)O)C
Penicillin_663,CC1(C(N2C(S1)C(C2=O)NC(=O)CC3=CC=CC=C3)C(=O)O)C
Penicillin_664,CC1(C(N2C(S1)C(C2=O)NC(=O)CC3=CC=CC=C3)C(=O)O)C
Penicillin_665,CC1(C(N2C(S1)C(C2=O)NC(=O)CC3=CC=CC=C3)C(=O)O)C
Amoxicillin_666,CC1(C(N2C(S1)C(C2=O)NC(=O)C(C3=CC=C(C=C3)O)N)C(=O)O)C
Amoxicillin_667,CC1(C(N2C(S1)C(C2=O)NC(=O)C(C3=CC=C(C=C3)O)N)C(=O)O)C
Amoxicillin_668,CC1(C(N2C(S1)C(C2=O)NC(=O)C(C3=CC=C(C=C3)O)N)C(=O)O)C
Amoxicillin_669,CC1(C(N2C(S1)C(C2=O)NC(=O)C(C3=CC=C(C=C3)O)N)C(=O)O)C
Amoxicillin_670,CC1(C(N2C(S1)C(C2=O)NC(=O)C(C3=CC=C(C=C3)O)N)C(=O)O)C
Penicillin_671,CC1(C(N2C(S1)C(C2=O)NC(=O)CC3=CC=CC=C3)C(=O)O)C
Penicillin_672,CC1(C(N2C(S1)C(C2=O)NC(=O)CC3=CC=CC=C3)C(=O)O)C
Penicillin_673,CC1(C(N2C(S1)C(C2=O)NC(=O)CC3=CC=CC=C3)C(=O)O)C
Penicillin_674,CC1(C(N2C(S1)C(C2=O)NC(=O)CC3=CC=CC=C3)C(=O)O)C
Penicillin_675,CC1(C(N2C(S1)C(C2=O)NC(=O)CC3=CC=CC=C3)C(=O)O)C
Amoxicillin_676,CC1(C(N2C(S1)C(C2=O)NC(=O)C(C3=CC=C(C=C3)O)N)C(=O)O)C
Amoxicillin_677,CC1(C(N2C(S1)C(C2=O)NC(=O)C(C3=CC=C(C=C3)O)N)C(=O)O)C
Amoxicillin_678,CC1(C(N2C(S1)C(C2=O)NC(=O)C(C3=CC=C(C=C3)O)N)C(=O)O)C
Amoxicillin_679,CC1(C(N2C(S1)C(C2=O)NC(=O)C(C3=CC=C(C=C3)O)N)C(=O)O)C
Amoxicillin_680,CC1(C(N2C(S1)C(C2=O)NC(=O)C(C3=CC=C(C=C3)O)N)C(=O)O)C
Penicillin_681,CC1(C(N2C(S1)C(C2=O)NC(=O)CC3=CC=CC=C3)C(=O)O)C
Penicillin_682,CC1(C(N2C(S1)C(C2=O)NC(=O)CC3=CC=CC=C3)C(=O)O)C
Penicillin_683,CC1(C(N2C(S1)C(C2=O)NC(=O)CC3=CC=CC=C3)C(=O)O)C
Penicillin_684,CC1(C(N2C(S1)C(C2=O)NC(=O)CC3=CC=CC=C3)C(=O)O)C
Penicillin_685,CC1(C(N2C(S1)C(C2=O)NC(=O)CC3=CC=CC=C3)C(=O)O)C
Amoxicillin_686,CC1(C(N2C(S1)C(C2=O)NC(=O)C(C3=CC=C(C=C3)O)N)C(=O)O)C
Amoxicillin_687,CC1(C(N2C(S1)C(C2=O)NC(=O)C(C3=CC=C(C=C3)O)N)C(=O)O)C
Amoxicillin_688,CC1(C(N2C(S1)C(C2=O)NC(=O)C(C3=CC=C(C=C3)O)N)C(=O)O)C
Amoxicillin_689,CC1(C(N2C(S1)C(C2=O)NC(=O)C(C3=CC=C(C=C3)O)N)C(=O)O)C
Amoxicillin_690,CC1(C(N2C(S1)C(C2=O)NC(=O)C(C3=CC=C(C=C3)O)N)C(=O)O)C
Penicillin_691,CC1(C(N2C(S1)C(C2=O)NC(=O)CC3=CC=CC=C3)C(=O)O)C
Penicillin_692,CC1(C(N2C(S1)C(C2=O)NC(=O)CC3=CC=CC=C3)C(=O)O)C
Penicillin_693,CC1(C(N2C(S1)C(C2=O)NC(=O)CC3=CC=CC=C3)C(=O)O)C
Penicillin_694,CC1(C(N2C(S1)C(C2=O)NC(=O)CC3=CC=CC=C3)C(=O)O)C
Penicillin_695,CC1(C(N2C(S1)C(C2=O)NC(=O)CC3=CC=CC=C3)C(=O)O)C
Amoxicillin_696,CC1(C(N2C(S1)C(C2=O)NC(=O)C(C3=CC=C(C=C3)O)N)C(=O)O)C
Amoxicillin_697,CC1(C(N2C(S1)C(C2=O)NC(=O)C(C3=CC=C(C=C3)O)N)C(=O)O)C
Amoxicillin_698,CC1(C(N2C(S1)C(C2=O)NC(=O)C(C3=CC=C(C=C3)O)N)C(=O)O)C
Amoxicillin_699,CC1(C(N2C(S1)C(C2=O)NC(=O)C(C3=CC=C(C=C3)O)N)C(=O)O)C
Amoxicillin_700,CC1(C(N2C(S1)C(C2=O)NC(=O)C(C3=CC=C(C=C3)O)N)C(=O)O)C
Penicillin_701,CC1(C(N2C(S1)C(C2=O)NC(=O)CC3=CC=CC=C3)C(=O)O)C
Penicillin_702,CC1(C(N2C(S1)C(C2=O)NC(=O)CC3=CC=CC=C3)C(=O)O)C
Penicillin_703,CC1(C(N2C(S1)C(C2=O)NC(=O)CC3=CC=CC=C3)C(=O)O)C
Penicillin_704,CC1(C(N2C(S1)C(C2=O)NC(=O)CC3=CC=CC=C3)C(=O)O)C
Penicillin_705,CC1(C(N2C(S1)C(C2=O)NC(=O)CC3=CC=CC=C3)C(=O)O)C
Amoxicillin_706,CC1(C(N2C(S1)C(C2=O)NC(=O)C(C3=CC=C(C=C3)O)N)C(=O)O)C
Amoxicillin_707,CC1(C(N2C(S1)C(C2=O)NC(=O)C(C3=CC=C(C=C3)O)N)C(=O)O)C
Amoxicillin_708,CC1(C(N2C(S1)C(C2=O)NC(=O)C(C3=CC=C(C=C3)O)N)C(=O)O)C
Amoxicillin_709,CC1(C(N2C(S1)C(C2=O)NC(=O)C(C3=CC=C(C=C3)O)N)C(=O)O)C
Amoxicillin_710,CC1(C(N2C(S1)C(C2=O)NC(=O)C(C3=CC=C(C=C3)O)N)C(=O)O)C
Penicillin_711,CC1(C(N2C(S1)C(C2=O)NC(=O)CC3=CC=CC=C3)C(=O)O)C
Penicillin_712,CC1(C(N2C(S1)C(C2=O)NC(=O)CC3=CC=CC=C3)C(=O)O)C
Penicillin_713,CC1(C(N2C(S1)C(C2=O)NC(=O)CC3=CC=CC=C3)C(=O)O)C
Penicillin_714,CC1(C(N2C(S1)C(C2=O)NC(=O)CC3=CC=CC=C3)C(=O)O)C
Penicillin_715,CC1(C(N2C(S1)C(C2=O)NC(=O)CC3=CC=CC=C3)C(=O)O)C
Amoxicillin_716,CC1(C(N2C(S1)C(C2=O)NC(=O)C(C3=CC=C(C=C3)O)N)C(=O)O)C
Amoxicillin_717,CC1(C(N2C(S1)C(C2=O)NC(=O)C(C3=CC=C(C=C3)O)N)C(=O)O)C
Amoxicillin_718,CC1(C(N2C(S1)C(C2=O)NC(=O)C(C3=CC=C(C=C3)O)N)C(=O)O)C
Amoxicillin_719,CC1(C(N2C(S1)C(C2=O)NC(=O)C(C3=CC=C(C=C3)O)N)C(=O)O)C
Amoxicillin_720,CC1(C(N2C(S1)C(C2=O)NC(=O)C(C3=CC=C(C=C3)O)N)C(=O)O)C
Penicillin_721,CC1(C(N2C(S1)C(C2=O)NC(=O)CC3=CC=CC=C3)C(=O)O)C
Penicillin_722,CC1(C(N2C(S1)C(C2=O)NC(=O)CC3=CC=CC=C3)C(=O)O)C
Penicillin_723,CC1(C(N2C(S1)C(C2=O)NC(=O)CC3=CC=CC=C3)C(=O)O)C
Penicillin_724,CC1(C(N2C(S1)C(C2=O)NC(=O)CC3=CC=CC=C3)C(=O)O)C
Penicillin_725,CC1(C(N2C(S1)C(C2=O)NC(=O)CC3=CC=CC=C3)C(=O)O)C
Amoxicillin_726,CC1(C(N2C(S1)C(C2=O)NC(=O)C(C3=CC=C(C=C3)O)N)C(=O)O)C
Amoxicillin_727,CC1(C(N2C(S1)C(C2=O)NC(=O)C(C3=CC=C(C=C3)O)N)C(=O)O)C
Amoxicillin_728,CC1(C(N2C(S1)C(C2=O)NC(=O)C(C3=CC=C(C=C3)O)N)C(=O)O)C
Amoxicillin_729,CC1(C(N2C(S1)C(C2=O)NC(=O)C(C3=CC=C(C=C3)O)N)C(=O)O)C
Amoxicillin_730,CC1(C(N2C(S1)C(C2=O)NC(=O)C(C3=CC=C(C=C3)O)N)C(=O)O)C
Penicillin_731,CC1(C(N2C(S1)C(C2=O)NC(=O)CC3=CC=CC=C3)C(=O)O)C
Penicillin_732,CC1(C(N2C(S1)C(C2=O)NC(=O)CC3=CC=CC=C3)C(=O)O)C
Penicillin_733,CC1(C(N2C(S1)C(C2=O)NC(=O)CC3=CC=CC=C3)C(=O)O)C
Penicillin_734,CC1(C(N2C(S1)C(C2=O)NC(=O)CC3=CC=CC=C3)C(=O)O)C
Penicillin_735,CC1(C(N2C(S1)C(C2=O)NC(=O)CC3=CC=CC=C3)C(=O)O)C
Amoxicillin_736,CC1(C(N2C(S1)C(C2=O)NC(=O)C(C3=CC=C(C=C3)O)N)C(=O)O)C
Amoxicillin_737,CC1(C(N2C(S1)C(C2=O)NC(=O)C(C3=CC=C(C=C3)O)N)C(=O)O)C
Amoxicillin_738,CC1(C(N2C(S1)C(C2=O)NC(=O)C(C3=CC=C(C=C3)O)N)C(=O)O)C
Amoxicillin_739,CC1(C(N2C(S1)C(C2=O)NC(=O)C(C3=CC=C(C=C3)O)N)C(=O)O)C
Amoxicillin_740,CC1(C(N2C(S1)C(C2=O)NC(=O)C(C3=CC=C(C=C3)O)N)C(=O)O)C
Penicillin_741,CC1(C(N2C(S1)C(C2=O)NC(=O)CC3=CC=CC=C3)C(=O)O)C
Penicillin_742,CC1(C(N2C(S1)C(C2=O)NC(=O)CC3=CC=CC=C3)C(=O)O)C
Penicillin_743,CC1(C(N2C(S1)C(C2=O)NC(=O)CC3=CC=CC=C3)C(=O)O)C
Penicillin_744,CC1(C(N2C(S1)C(C2=O)NC(=O)CC3=CC=CC=C3)C(=O)O)C
Penicillin_745,CC1(C(N2C(S1)C(C2=O)NC(=O)CC3=CC=CC=C3)C(=O)O)C
Amoxicillin_746,CC1(C(N2C(S1)C(C2=O)NC(=O)C(C3=CC=C(C=C3)O)N)C(=O)O)C
Amoxicillin_747,CC1(C(N2C(S1)C(C2=O)NC(=O)C(C3=CC=C(C=C3)O)N)C(=O)O)C
Amoxicillin_748,CC1(C(N2C(S1)C(C2=O)NC(=O)C(C3=CC=C(C=C3)O)N)C(=O)O)C
Amoxicillin_749,CC1(C(N2C(S1)C(C2=O)NC(=O)C(C3=CC=C(C=C3)O)N)C(=O)O)C
Amoxicillin_750,CC1(C(N2C(S1)C(C2=O)NC(=O)C(C3=CC=C(C=C3)O)N)C(=O)O)C
